"","lat","long","pika.pres","marmot.pres","talus.area","elev.m","group"
"5",39.62937,-105.84827,"Present","Absent","1001-5000m2",3656.46,"pikas.only"
"6",39.36361,-106.03252,"Present","no.data",">5 ha",3692.03,"pikas.only"
"7",39.36079,-106.03886,"Present","Present",">5 ha",3755.39,"both.spp.present"
"8",39.63336,-105.84621,"Present","Present",">1 ha",3663.11,"both.spp.present"
"9",39.64027,-105.84777,"Present","Present",">1 ha",3764.26,"both.spp.present"
"11",39.28587,-106.13346,"Present","Present",">1 ha",3579.84,"both.spp.present"
"12",39.31214,-106.11524,"Present","Absent",">1 ha",3538.12,"pikas.only"
"13",39.31882,-106.12063,"Present","Absent",">1 ha",3601.38,"pikas.only"
"14",39.28503,-106.13281,"Present","Absent","1001-5000m2",3561.3,"pikas.only"
"15",39.31134,-106.11582,"Present","Present","5001-10,000m2",3507.48,"both.spp.present"
"16",39.28533,-106.13286,"Present","Absent",">5 ha",3571.49,"pikas.only"
"18",39.31242,-106.11617,"Present","Present",">1 ha",3519.25,"both.spp.present"
"19",39.31851,-106.12045,"Present","Absent",">5 ha",3593.42,"pikas.only"
"22",39.36182,-106.0375,"Present","Absent",">1 ha",3721.94,"pikas.only"
"23",39.36272,-106.03294,"Present","no.data",">1 ha",3731.53,"pikas.only"
"24",39.36465,-106.0421,"Absent","Absent","1001-5000m2",3610.02,"both.spp.absent"
"25",39.36184,-106.03748,"Present","Absent",">1 ha",3721.94,"pikas.only"
"26",39.36522,-106.02893,"Present","Absent",">1 ha",3675.73,"pikas.only"
"27",39.56466,-105.81292,"Present","Absent",">1 ha",3533.95,"pikas.only"
"28",39.57545,-105.78791,"Present","Absent","5001-10,000m2",3366.26,"pikas.only"
"30",39.88905,-105.81282,"Present","Absent","5001-10,000m2",2843.84,"pikas.only"
"32",39.36475,-106.04208,"Present","Present","<1000m2",3608.05,"both.spp.present"
"33",40.51698,-105.8709,"Present","Absent","1001-5000m2",3351.2,"pikas.only"
"34",40.53022,-105.8622,"Absent","Absent","<1000m2",3367.63,"both.spp.absent"
"35",40.54054,-105.85627,"Present","Absent",">5 ha",3330.29,"pikas.only"
"39",40.42636,-105.94118,"Present","Present","<1000m2",3396.09,"both.spp.present"
"40",40.42723,-105.93909,"Present","Absent",">5 ha",3370.35,"pikas.only"
"41",40.4284,-105.96208,"Present","Present",">5 ha",3223.25,"both.spp.present"
"43",39.36128,-106.03798,"Present","Absent",">5 ha",3737.55,"pikas.only"
"46",39.45468,-105.92353,"Present","Absent",">5 ha",3460.92,"pikas.only"
"47",39.41392,-105.91639,"Present","Absent",">5 ha",3347.73,"pikas.only"
"48",39.41666,-105.92062,"Present","Absent",">5 ha",3442.85,"pikas.only"
"49",39.40958,-105.91315,"Present","Absent",">5 ha",3502.2,"pikas.only"
"50",39.45116,-105.92224,"Present","Absent","5001-10,000m2",3490.57,"pikas.only"
"51",39.41602,-105.92108,"Present","Absent",">5 ha",3476.98,"pikas.only"
"57",40.41749,-105.79215,"Present","Present",">1 ha",3604.63,"both.spp.present"
"68",39.940915,-105.61668,"Absent","Absent","5001-10,000m2",3287.72,"both.spp.absent"
"69",39.94281,-105.616587,"Present","Absent",">5 ha",3222.34,"pikas.only"
"70",39.946983,-105.617254,"Present","Absent",">1 ha",3079.17,"pikas.only"
"74",39.7939,-105.76241,"Present","Present","5001-10,000m2",3739.4,"both.spp.present"
"75",39.48179,-105.47878,"Absent","Present","<1000m2",2652.7,"marmots.only"
"76",39.79337,-105.76078,"Present","Absent","1001-5000m2",3612.52,"pikas.only"
"77",39.80049,-105.79947,"Present","Present","5001-10,000m2",3660.04,"both.spp.present"
"78",39.62949,-105.84515,"Present","Absent","5001-10,000m2",3557.59,"pikas.only"
"79",39.63374,-105.84473,"Present","Absent",">5 ha",3634.22,"pikas.only"
"80",39.64008,-105.84356,"Present","Absent","5001-10,000m2",3708.12,"pikas.only"
"81",39.6402565,-105.843726,"Present","Absent","5001-10,000m2",3724.14,"pikas.only"
"82",39.36186,-106.03742,"Present","Present",">1 ha",3719.58,"both.spp.present"
"83",39.36549,-106.02905,"Present","Absent",">1 ha",3665.24,"pikas.only"
"84",39.3423227,-105.4731667,"Present","Absent","<1000m2",2836.82,"pikas.only"
"85",39.3349831,-105.461235,"Absent","Absent","1001-5000m2",2716.24,"both.spp.absent"
"90",40.51762,-105.87302,"Present","Absent",">1 ha",3310.19,"pikas.only"
"91",40.52968,-105.85994,"Present","Absent",">5 ha",3457.62,"pikas.only"
"92",40.53954,-105.85792,"Present","Absent",">5 ha",3299.53,"pikas.only"
"93",40.31131,-105.52259,"Present","no.data","1001-5000m2",2725.09,"pikas.only"
"94",40.36751,-105.51528,"Present","Absent","5001-10,000m2",2407.35,"pikas.only"
"95",40.32301,-105.51494,"Present","Absent",">1 ha",2498.82,"pikas.only"
"98",40.05188,-105.5743,"Present","Absent","1001-5000m2",3481.46,"pikas.only"
"101",40.05154,-105.57368,"Present","Absent","5001-10,000m2",3462.39,"pikas.only"
"104",40.05133,-105.57416,"Absent","Absent","5001-10,000m2",3460.99,"both.spp.absent"
"105",40.03331,-105.35652,"Present","Absent","5001-10,000m2",1987.6,"pikas.only"
"106",40.02831,-105.33948,"Present","Absent","5001-10,000m2",1813.31,"pikas.only"
"107",40.0308,-105.34449,"Absent","Absent","1001-5000m2",1914.44,"both.spp.absent"
"110",40.05139,-105.57406,"Present","no.data","1001-5000m2",3463.02,"pikas.only"
"114",39.21866,-106.12834,"Present","Present","5001-10,000m2",3688.21,"both.spp.present"
"115",40.0543,-105.56906,"Absent","Absent","1001-5000m2",3503.14,"both.spp.absent"
"116",40.55582,-105.81854,"Present","Absent",">1 ha",3037.1,"pikas.only"
"117",40.2614,-105.63138,"Present","Present","1001-5000m2",3438.98,"both.spp.present"
"119",40.09507,-105.58479,"Present","Absent",">1 ha",3425.13,"pikas.only"
"120",39.5661,-105.72243,"Absent","Absent","1001-5000m2",3328.89,"both.spp.absent"
"121",39.56603,-105.72247,"Present","Absent","5001-10,000m2",3328.89,"pikas.only"
"122",40.19224,-105.63026,"Present","Absent",">1 ha",3238.73,"pikas.only"
"123",39.33915,-106.00928,"Present","Absent","1001-5000m2",4148.45,"pikas.only"
"124",40.4837,-105.90305,"Absent","Absent","1001-5000m2",3253.5,"both.spp.absent"
"126",39.20211,-106.1499,"Present","Absent",">5 ha",3589.35,"pikas.only"
"127",39.38231,-106.12827,"Present","Absent","1001-5000m2",3740.67,"pikas.only"
"128",40.474994,-105.653532,"Present","Present","<1000m2",3680.1,"both.spp.present"
"129",40.477364,-105.652454,"Present","Present","5001-10,000m2",3677.29,"both.spp.present"
"131",40.43353,-105.74483,"Absent","Absent","5001-10,000m2",3521.5,"both.spp.absent"
"132",40.09507,-105.58484,"Present","Absent",">1 ha",3427.8,"pikas.only"
"133",39.72499,-105.89069,"Present","Present",">1 ha",3704.4,"both.spp.present"
"134",39.16957,-106.47229,"Absent","Absent","1001-5000m2",3614.73,"both.spp.absent"
"135",40.43364,-105.74472,"Absent","Absent","1001-5000m2",3513.03,"both.spp.absent"
"136",40.25793,-105.81142,"Absent","Absent","1001-5000m2",2622.27,"both.spp.absent"
"137",39.3832,-106.13064,"Present","Absent",">5 ha",3776.68,"pikas.only"
"138",40.44306,-105.89001,"Absent","Absent",">1 ha",3450.91,"both.spp.absent"
"139",40.25961,-105.63136,"Present","Present",">5 ha",3464.1,"both.spp.present"
"140",40.43136,-105.62537,"Present","Absent","1001-5000m2",3334.06,"pikas.only"
"141",40.47368,-105.64695,"Present","Present","5001-10,000m2",3524.81,"both.spp.present"
"142",40.48058,-105.65568,"Present","Absent",">5 ha",3757.34,"pikas.only"
"143",39.56632,-105.72274,"Present","Absent","5001-10,000m2",3331.86,"pikas.only"
"144",40.19209,-105.63021,"Present","Absent",">1 ha",3247.19,"pikas.only"
"145",40.48371,-105.90306,"Absent","Absent","<1000m2",3256.82,"both.spp.absent"
"146",39.36441,-106.21361,"Absent","Absent","1001-5000m2",3438.99,"both.spp.absent"
"147",39.36449,-106.21327,"Present","Absent","5001-10,000m2",3446.48,"pikas.only"
"148",40.44305,-105.8878,"Present","Absent",">5 ha",3455.99,"pikas.only"
"149",40.25793,-105.81142,"Absent","Absent","1001-5000m2",2622.27,"both.spp.absent"
"150",40.09502,-105.58486,"Present","Absent",">1 ha",3427.8,"pikas.only"
"151",39.59598,-105.6503,"Present","Present",">1 ha",3935.4,"both.spp.present"
"152",39.73096,-105.84055,"Present","Absent","1001-5000m2",3914.79,"pikas.only"
"153",39.36449,-106.21347,"Present","Absent","5001-10,000m2",3441.88,"pikas.only"
"154",39.56673,-105.72307,"Present","Absent","5001-10,000m2",3332.65,"pikas.only"
"155",40.10725,-105.59822,"Present","Absent","1001-5000m2",3656.94,"pikas.only"
"156",40.10979,-105.59775,"Present","Present","1001-5000m2",3556.44,"both.spp.present"
"157",40.43912,-105.70149,"Present","Absent","5001-10,000m2",3674.97,"pikas.only"
"158",39.20206,-106.1491,"Present","Absent",">5 ha",3594.43,"pikas.only"
"159",39.20215,-106.1499,"Present","Absent",">5 ha",3592.99,"pikas.only"
"160",39.20752,-106.17145,"Present","Absent","<1000m2",3764.54,"pikas.only"
"161",38.8758,-105.0726,"Present","Absent","1001-5000m2",3489.85,"pikas.only"
"162",40.26142,-105.63136,"Present","Present",">1 ha",3438.98,"both.spp.present"
"163",39.87432,-105.94167,"Absent","Absent","<1000m2",3612.68,"both.spp.absent"
"164",38.85799,-105.03339,"Absent","Absent","1001-5000m2",3349.25,"both.spp.absent"
"165",40.33452,-105.72444,"Present","Absent","5001-10,000m2",3569.11,"pikas.only"
"166",40.31344,-105.70355,"Present","Present","1001-5000m2",3746.96,"both.spp.present"
"167",39.75745,-105.88242,"Present","Absent","1001-5000m2",3816.22,"pikas.only"
"168",39.7571,-105.88414,"Present","Absent",">1 ha",3748.95,"pikas.only"
"169",39.7715,-105.88784,"Present","Absent","5001-10,000m2",3837.6,"pikas.only"
"170",38.8757,-105.0725,"Present","Absent","5001-10,000m2",3489.49,"pikas.only"
"171",39.78095,-105.88798,"Present","Absent","1001-5000m2",3718.54,"pikas.only"
"172",39.20741,-106.16979,"Present","Present","5001-10,000m2",3721.84,"both.spp.present"
"173",39.3825,-106.13071,"Present","Present",">5 ha",3785.19,"both.spp.present"
"174",39.718255,-105.904432,"Present","Absent","1001-5000m2",3698.22,"pikas.only"
"176",40.280865,-105.599205,"Present","no.data","5001-10,000m2",3586.73,"pikas.only"
"178",40.48362,-105.90318,"Absent","Present","1001-5000m2",3258.51,"marmots.only"
"179",40.09469,-105.5846,"Present","Absent",">5 ha",3419.47,"pikas.only"
"180",39.20742,-106.17124,"Present","Present",">5 ha",3762.08,"both.spp.present"
"181",40.43158,-105.62539,"Absent","Absent","1001-5000m2",3312.97,"both.spp.absent"
"182",39.38187,-106.13303,"Present","Absent",">5 ha",3900.47,"pikas.only"
"183",40.25799,-105.8114,"Absent","Absent","1001-5000m2",2626.48,"both.spp.absent"
"184",39.71945,-105.90058,"Present","Present","5001-10,000m2",3648.12,"both.spp.present"
"185",39.72194,-105.90144,"Present","Present","5001-10,000m2",3767.53,"both.spp.present"
"186",39.72503,-105.89559,"Present","Present","5001-10,000m2",3662.15,"both.spp.present"
"187",39,-105.72401,"Present","Absent","5001-10,000m2",2686.2,"pikas.only"
"188",40.38374,-105.90297,"Present","Absent","1001-5000m2",3459.52,"pikas.only"
"189",39.167814,-106.475306,"Present","Absent","1001-5000m2",3446.96,"pikas.only"
"190",40.2613916,-105.6310826,"Present","Absent",">5 ha",3444.9,"pikas.only"
"191",40.26126,-105.63148,"Present","Present","5001-10,000m2",3437.75,"both.spp.present"
"192",39.36457,-106.21362,"Present","Absent","5001-10,000m2",3446.35,"pikas.only"
"193",39.36444,-106.21351,"Present","Absent","1001-5000m2",3442.71,"pikas.only"
"194",39.56633,-105.7228,"Absent","Absent",">1 ha",3328.4,"both.spp.absent"
"195",39.7311,-105.84018,"Present","Absent","1001-5000m2",3916.03,"pikas.only"
"196",40.43355,-105.7448,"Absent","Absent","1001-5000m2",3519.45,"both.spp.absent"
"197",40.261299,-105.631416,"Present","Present","1001-5000m2",3437.77,"both.spp.present"
"198",40.0948,-105.5849,"Present","Present",">1 ha",3426.99,"both.spp.present"
"199",40.43,-105.62539,"Present","Absent","1001-5000m2",3363.55,"pikas.only"
"200",40.481479,-105.655164,"Absent","Absent",">5 ha",3690.68,"both.spp.absent"
"201",40.47486,-105.65353,"Present","Present","1001-5000m2",3683.13,"both.spp.present"
"202",40.481944,-105.904722,"Present","Absent","5001-10,000m2",3251.49,"pikas.only"
"203",40.10696,-105.59835,"Present","Absent","5001-10,000m2",3668.03,"pikas.only"
"204",39.16747,-106.47574,"Present","Absent","5001-10,000m2",3426.42,"pikas.only"
"205",40.431581,-105.631627,"Absent","Absent",">5 ha",3065.4,"both.spp.absent"
"206",40.43347,-105.74487,"Absent","Absent","<1000m2",3525.84,"both.spp.absent"
"207",40.47506,-105.65345,"Absent","Present","<1000m2",3673.31,"marmots.only"
"208",39.78046,-105.88809,"Present","Present","1001-5000m2",3749.13,"both.spp.present"
"209",39.20215,-106.1499,"Present","Absent",">5 ha",3592.99,"pikas.only"
"210",39.2071,-106.10725,"Present","Present","<1000m2",3314.5,"both.spp.present"
"211",39.78048,-105.88841,"Present","Present",">1 ha",3758.48,"both.spp.present"
"213",40.55581,-105.81369,"Present","Absent",">5 ha",3041.7,"pikas.only"
"214",39.202154,-106.149909,"Present","Absent",">5 ha",3592.03,"pikas.only"
"215",39,-106.169788,"Present","Present",">5 ha",3470.85,"both.spp.present"
"216",40.257927,-105.811424,"Absent","Absent","<1000m2",2622.27,"both.spp.absent"
"217",40.55562,-105.81366,"Present","Absent",">1 ha",3039.83,"pikas.only"
"218",39.72449,-105.8958,"Present","Present","5001-10,000m2",3657.61,"both.spp.present"
"219",40.4431,-105.89007,"Present","Absent","5001-10,000m2",3450.91,"pikas.only"
"220",39.78049,-105.88754,"Absent","Absent","<1000m2",3719.53,"both.spp.absent"
"221",38.85699,-105.07076,"Absent","Absent","5001-10,000m2",3839.09,"both.spp.absent"
"222",40.257927,-105.811424,"Absent","Absent","<1000m2",2622.27,"both.spp.absent"
"223",39.33916,-106.00927,"Present","Absent","5001-10,000m2",4148.45,"pikas.only"
"224",40.0947,-105.58484,"Present","Absent",">1 ha",3426.72,"pikas.only"
"226",40.19214,-105.63017,"Present","Absent",">1 ha",3244.63,"pikas.only"
"228",39.16778,-106.47531,"Present","Absent","5001-10,000m2",3446.96,"pikas.only"
"229",39.75745,-105.8824,"Present","Absent","1001-5000m2",3820.78,"pikas.only"
"230",39.56649,-105.72291,"Absent","Absent","5001-10,000m2",3332.56,"both.spp.absent"
"231",39.38237,-106.12854,"Present","Present",">5 ha",3744.78,"both.spp.present"
"232",38.875802,-105.072601,"Present","Absent","5001-10,000m2",3489.85,"pikas.only"
"233",40.19341,-105.63192,"Present","Absent","5001-10,000m2",3148.03,"pikas.only"
"234",39.3819,-106.12695,"Present","Present",">1 ha",3743.23,"both.spp.present"
"235",39.202154,-106.149909,"Present","Absent","5001-10,000m2",3592.03,"pikas.only"
"236",40.25784,-105.81137,"Absent","Present","<1000m2",2621.39,"marmots.only"
"237",40.09398,-105.58441,"Present","Absent","<1000m2",3412.85,"pikas.only"
"238",40.48023,-105.65352,"Absent","Absent","5001-10,000m2",3809.41,"both.spp.absent"
"240",40.09558,-105.58491,"Present","Present","5001-10,000m2",3431.1,"both.spp.present"
"241",38.875802,-105.072601,"Present","Absent","<1000m2",3489.85,"pikas.only"
"242",39.35782,-105.39025,"Present","Present","5001-10,000m2",2441.32,"both.spp.present"
"243",40.43357,-105.74467,"Absent","Absent","1001-5000m2",3517.53,"both.spp.absent"
"244",39.43865,-105.50384,"Present","Absent","<1000m2",2745.47,"pikas.only"
"245",39.16702,-106.47404,"Absent","Absent","<1000m2",3432.18,"both.spp.absent"
"246",39.59558,-105.6504,"Present","Present","<1000m2",3950.73,"both.spp.present"
"247",40.43352,-105.74483,"Absent","Absent","<1000m2",3521.5,"both.spp.absent"
"248",40.09472,-105.58482,"Present","Absent",">1 ha",3426.72,"pikas.only"
"249",39.36439,-106.21368,"Present","Absent",">1 ha",3440.35,"pikas.only"
"250",39.16774,-106.4761,"Present","Absent","1001-5000m2",3432.31,"pikas.only"
"251",39.7309,-105.84043,"Present","Absent","1001-5000m2",3922.04,"pikas.only"
"252",39.70842,-105.35664,"Absent","Absent","5001-10,000m2",2347.72,"both.spp.absent"
"253",39.36431,-106.21342,"Present","Absent","1001-5000m2",3445.51,"pikas.only"
"254",39.36453,-106.21315,"Present","Absent","<1000m2",3448.54,"pikas.only"
"255",39.566326,-105.722744,"Absent","Absent","5001-10,000m2",3331.86,"both.spp.absent"
"256",39.595581,-105.650398,"Present","Present",">1 ha",3950.73,"both.spp.present"
"257",40.48211,-105.90486,"Present","Absent","5001-10,000m2",3253.25,"pikas.only"
"258",39.56644,-105.72263,"Present","Absent","5001-10,000m2",3339.65,"pikas.only"
"259",40.431581,-105.625394,"Absent","Absent","5001-10,000m2",3312.97,"both.spp.absent"
"260",40.25796,-105.81144,"Absent","Absent","1001-5000m2",2622.27,"both.spp.absent"
"261",40.09469,-105.5846,"Present","Present",">1 ha",3419.47,"both.spp.present"
"262",39.36457,-106.21362,"Present","Absent","5001-10,000m2",3446.35,"pikas.only"
"264",40.26126,-105.63152,"Present","Absent",">5 ha",3436.63,"pikas.only"
"265",39.72977,-105.82229,"Present","Absent",">1 ha",3562.38,"pikas.only"
"266",40.09473,-105.58482,"Present","Absent",">1 ha",3426.99,"pikas.only"
"267",40.70444,-105.76778,"Absent","Present","5001-10,000m2",2709.03,"marmots.only"
"268",40.5975,-105.90055,"Absent","Present","1001-5000m2",3270.19,"marmots.only"
"269",40.26139,-105.63134,"Present","Present","5001-10,000m2",3438.98,"both.spp.present"
"270",40.26158,-105.63113,"Present","Present","1001-5000m2",3441.21,"both.spp.present"
"271",40.44301,-105.88984,"Present","Present","5001-10,000m2",3448.94,"both.spp.present"
"272",39.202154,-106.149909,"Present","Absent",">1 ha",3592.03,"pikas.only"
"273",39.72948,-105.82183,"Present","Present",">5 ha",3571.62,"both.spp.present"
"274",39.20751,-106.1713,"Present","Present","<1000m2",3762.66,"both.spp.present"
"275",39.207407,-106.1703,"Present","Present",">5 ha",3733.88,"both.spp.present"
"276",39.202154,-106.15,"Present","Absent",">5 ha",3592.03,"pikas.only"
"277",39.57109,-105.724,"Present","Present","5001-10,000m2",3371.28,"both.spp.present"
"278",39.38376,-106.13055,"Present","Absent",">1 ha",3778.69,"pikas.only"
"279",38.87579,-105.0726,"Present","Present","1001-5000m2",3489.85,"both.spp.present"
"280",40.55596,-105.81419,"Absent","Absent",">5 ha",3036.23,"both.spp.absent"
"282",40.192224,-105.63016,"Present","Absent",">1 ha",3239.86,"pikas.only"
"283",40.48213,-105.65655,"Present","Absent",">1 ha",3666.59,"pikas.only"
"284",40.47454,-105.65249,"Absent","Absent","1001-5000m2",3668.45,"both.spp.absent"
"285",40.19214,-105.63081,"Absent","Absent",">1 ha",3243.76,"both.spp.absent"
"286",40.1932,-105.63367,"Present","Absent",">1 ha",3160.61,"pikas.only"
"287",39.595581,-105.650398,"Present","no.data",">5 ha",3950.73,"pikas.only"
"288",40.0956,-105.5849,"Present","Absent",">1 ha",3428.03,"pikas.only"
"289",39.60074,-105.6502,"Present","Present","5001-10,000m2",4070.65,"both.spp.present"
"290",39.73891,-105.81553,"Present","Present","5001-10,000m2",3481.39,"both.spp.present"
"291",39.73109,-105.84005,"Present","Present","<1000m2",3918.57,"both.spp.present"
"292",40.55596,-105.8178,"Present","Present","5001-10,000m2",3036.7,"both.spp.present"
"293",39.75923,-105.883495,"Present","Absent",">1 ha",3738.91,"pikas.only"
"294",38.87596,-105.07231,"Present","Absent","1001-5000m2",3484.54,"pikas.only"
"295",38.85799,-105.03442,"Absent","Absent","5001-10,000m2",3365.68,"both.spp.absent"
"296",40.25786,-105.81145,"Absent","Absent","<1000m2",2621.96,"both.spp.absent"
"297",39.59643,-105.6508,"Present","Present",">1 ha",3915.15,"both.spp.present"
"298",39.20213,-106.14988,"Present","Absent",">5 ha",3592.99,"pikas.only"
"299",39.75745,-105.88273,"Present","Absent","5001-10,000m2",3803.28,"pikas.only"
"300",39.33887,-106.01007,"Present","Absent","<1000m2",4136.89,"pikas.only"
"301",40.313492,-105.703115,"Present","Absent","1001-5000m2",3750.94,"pikas.only"
"302",39.20361,-106.00559,"Present","Absent","1001-5000m2",3022.26,"pikas.only"
"303",40.43435,-105.74827,"Present","Present","5001-10,000m2",3461,"both.spp.present"
"304",40.083319,-105.58169,"Present","Absent","<1000m2",3199.02,"pikas.only"
"305",40.5558,-105.8137,"Present","Absent",">1 ha",3041.7,"pikas.only"
"306",40.258,-105.811,"Absent","Absent","1001-5000m2",2626.38,"both.spp.absent"
"307",40.26143,-105.63134,"Present","Absent","5001-10,000m2",3438.98,"pikas.only"
"308",40.0948,-105.5847,"Present","Absent","5001-10,000m2",3422.02,"pikas.only"
"309",40.26137,-105.63146,"Present","Present",">1 ha",3437.77,"both.spp.present"
"310",39.364571,-106.213625,"Present","Present","<1000m2",3446.35,"both.spp.present"
"311",40.43347,-105.74468,"Absent","Present","<1000m2",3521.19,"marmots.only"
"312",40.26126,-105.63133,"Present","Absent","5001-10,000m2",3439.07,"pikas.only"
"313",39.566896,-105.723462,"Absent","Absent","5001-10,000m2",3322,"both.spp.absent"
"314",39.3822,-106.12915,"Present","Absent",">1 ha",3760.11,"pikas.only"
"315",39.72938,-105.82273,"Present","Absent",">1 ha",3582.32,"pikas.only"
"316",39.56625,-105.72226,"Present","Absent","1001-5000m2",3341.8,"pikas.only"
"317",40.4821,-105.90483,"Present","Absent","1001-5000m2",3253.25,"pikas.only"
"318",39.3642,-106.21378,"Present","Absent","1001-5000m2",3432.32,"pikas.only"
"319",40.5555,-105.8137,"Present","Absent",">5 ha",3044.1,"pikas.only"
"320",40.4836,-105.9031,"Present","Absent","1001-5000m2",3254.36,"pikas.only"
"321",40.2579,-105.8114,"Absent","Absent","<1000m2",2622.27,"both.spp.absent"
"322",39.59578,-105.6504,"Present","Present",">1 ha",3942.64,"both.spp.present"
"323",40.09469,-105.58459,"Present","Absent",">1 ha",3419.47,"pikas.only"
"326",40.55582,-105.81373,"Present","Absent","<1000m2",3038.73,"pikas.only"
"328",39.7304,-105.82165,"Present","Absent","<1000m2",3534.78,"pikas.only"
"329",39.33894,-106.00901,"Present","Absent","5001-10,000m2",4150.24,"pikas.only"
"330",39.20215,-106.1503,"Present","Absent",">5 ha",3588.49,"pikas.only"
"331",39.167778,-106.47525,"Present","Absent",">1 ha",3449.23,"pikas.only"
"332",39.20205,-106.14989,"Present","Absent",">5 ha",3589.35,"pikas.only"
"333",39.36457,-106.21362,"Present","Absent","5001-10,000m2",3446.35,"pikas.only"
"334",40.09495,-105.58507,"Present","Absent",">1 ha",3433.55,"pikas.only"
"335",40.05,-105.35,"Present","no.data","5001-10,000m2",2141.83,"pikas.only"
"336",39.16781,-106.47537,"Present","Absent","5001-10,000m2",3446.96,"pikas.only"
"337",40.43153,-105.62559,"Absent","Absent","5001-10,000m2",3308.55,"both.spp.absent"
"338",40.47494,-105.65323,"Absent","Present","5001-10,000m2",3667.3,"marmots.only"
"339",40.1921,-105.6314,"Present","Absent",">1 ha",3235.14,"pikas.only"
"340",39.59558,-105.65014,"Present","Absent",">1 ha",3953.65,"pikas.only"
"343",39.78113,-105.88756,"Present","Absent","1001-5000m2",3699.8,"pikas.only"
"344",39.78004,-105.8873,"Present","Present",">1 ha",3724.45,"both.spp.present"
"345",39.16778,-106.47525,"Present","Absent",">1 ha",3449.23,"pikas.only"
"346",39.72968,-105.82246,"Present","Absent","1001-5000m2",3567.96,"pikas.only"
"347",39.20188,-106.14909,"Present","Absent",">5 ha",3587.48,"pikas.only"
"348",40.10267,-105.5908,"Present","Present",">5 ha",3530.11,"both.spp.present"
"349",39.56656,-105.72284,"Present","Absent",">5 ha",3336.67,"pikas.only"
"350",38.87585,-105.07256,"Absent","Absent","1001-5000m2",3487.52,"both.spp.absent"
"351",39.78086,-105.88804,"Present","Present",">1 ha",3720.58,"both.spp.present"
"352",40.261505,-105.631393,"Present","Absent","5001-10,000m2",3437.38,"pikas.only"
"353",40.43365,-105.74465,"Absent","Absent","<1000m2",3513.03,"both.spp.absent"
"354",40.19224,-105.63024,"Present","Absent",">5 ha",3238.73,"pikas.only"
"355",40.48334,-105.65516,"Absent","Present",">1 ha",3604.41,"marmots.only"
"356",38.87582,-105.07253,"Present","Absent","5001-10,000m2",3488.52,"pikas.only"
"357",39.59645,-105.65031,"Present","Present","5001-10,000m2",3917.8,"both.spp.present"
"358",40.44302,-105.88984,"Present","Absent",">5 ha",3448.94,"pikas.only"
"359",39.7254,-105.89466,"Present","Absent","5001-10,000m2",3669.84,"pikas.only"
"360",40.25792,-105.81145,"Absent","Absent","<1000m2",2622.27,"both.spp.absent"
"361",40.4316,-105.62554,"Absent","Absent","5001-10,000m2",3308.64,"both.spp.absent"
"362",39.36451,-106.21352,"Present","Absent","5001-10,000m2",3443.42,"pikas.only"
"363",39.73109,-105.8402,"Present","Absent","1001-5000m2",3913.9,"pikas.only"
"364",40.55548,-105.81372,"Present","Absent","5001-10,000m2",3044.54,"pikas.only"
"365",39.36146,-106.21358,"Present","Present","5001-10,000m2",3471.93,"both.spp.present"
"366",39.73065,-105.84101,"Present","Absent","<1000m2",3931.37,"pikas.only"
"367",37.1678,-106.47524,"Absent","Absent",">1 ha",3221.46,"both.spp.absent"
"368",39.3642,-106.21378,"Present","Absent","1001-5000m2",3432.32,"pikas.only"
"369",40.4821,-105.90483,"Present","Absent","5001-10,000m2",3253.25,"pikas.only"
"370",40.2613,-105.63126,"Present","Present",">5 ha",3440.86,"both.spp.present"
"371",39.20399,-106.15,"Present","Absent",">5 ha",3652.08,"pikas.only"
"372",40.555789,-105.8181,"Present","Present","5001-10,000m2",3037.12,"both.spp.present"
"373",39.33942,-106.00932,"Absent","Absent",">5 ha",4149.42,"both.spp.absent"
"374",40.43165,-105.62553,"Absent","Absent","<1000m2",3308.64,"both.spp.absent"
"375",39.78139,-105.88705,"Present","Absent","5001-10,000m2",3684.33,"pikas.only"
"376",39.75822,-105.88326,"Present","Absent","5001-10,000m2",3759.11,"pikas.only"
"377",39.72632,-105.83945,"Present","Absent","5001-10,000m2",3697,"pikas.only"
"378",40.1136,-105.5935,"Present","Absent",">1 ha",3404.53,"pikas.only"
"379",39.339395,-106.009295,"Present","Absent",">5 ha",4149.42,"pikas.only"
"380",39.5958,-105.6506,"Present","Present",">1 ha",3940.15,"both.spp.present"
"381",39.2074,-106.17,"Present","Absent",">5 ha",3725.13,"pikas.only"
"382",39.2021,-106.1498,"Present","Absent",">5 ha",3590.24,"pikas.only"
"383",39.20722,-106.16969,"Present","Absent",">1 ha",3718.43,"pikas.only"
"384",39.20279,-106.15072,"Present","Absent",">5 ha",3600.4,"pikas.only"
"385",40.431557,-105.625389,"Absent","Absent","1001-5000m2",3317.91,"both.spp.absent"
"386",39.20777,-106.17164,"Present","Absent",">1 ha",3765.76,"pikas.only"
"387",40.1255,-105.31254,"Present","Absent","<1000m2",1863.69,"pikas.only"
"388",39.20742,-106.16978,"Present","Absent","1001-5000m2",3721.84,"pikas.only"
"389",40.19365,-105.63004,"Present","Absent","5001-10,000m2",3160.43,"pikas.only"
"390",39.338913,-106.008896,"Present","Absent","<1000m2",4151.77,"pikas.only"
"392",39.56676,-105.72304,"Absent","Absent",">1 ha",3341.39,"both.spp.absent"
"394",40.26126,-105.63148,"Present","Absent","1001-5000m2",3437.75,"pikas.only"
"395",39.56604,-105.72325,"Absent","Absent",">1 ha",3295.89,"both.spp.absent"
"396",38.8758,-105.0726,"Absent","Absent","5001-10,000m2",3489.85,"both.spp.absent"
"397",40.09469,-105.5846,"Present","Present","1001-5000m2",3419.47,"both.spp.present"
"398",40.10521,-105.59793,"Present","Present","1001-5000m2",3679.63,"both.spp.present"
"399",40.19288,-105.63388,"Present","Absent","5001-10,000m2",3176.62,"pikas.only"
"400",39.73035,-105.82249,"Present","Absent",">1 ha",3546.38,"pikas.only"
"401",39.736207,-105.829395,"Absent","Absent","5001-10,000m2",3683.01,"both.spp.absent"
"402",39.7305,-105.84242,"Present","Absent","5001-10,000m2",3936.82,"pikas.only"
"403",39.38286,-106.12692,"Present","Present",">5 ha",3724.81,"both.spp.present"
"404",39.79844,-105.94009,"Present","Absent","1001-5000m2",3590.93,"pikas.only"
"405",40.26138,-105.63102,"Present","Absent",">5 ha",3445.8,"pikas.only"
"406",38.85801,-105.03334,"Absent","Absent","1001-5000m2",3349.25,"both.spp.absent"
"407",39.85986,-105.69046,"Present","Absent",">5 ha",3703.5,"pikas.only"
"408",39.3849,-106.1031,"Present","Present","1001-5000m2",3574.76,"both.spp.present"
"409",39.56679,-105.72288,"Present","Absent",">5 ha",3345.19,"pikas.only"
"410",39.59553,-105.65007,"Present","Absent","5001-10,000m2",3958.36,"pikas.only"
"411",40.3133,-105.703754,"Present","Absent","<1000m2",3745.58,"pikas.only"
"412",38.862367,-105.08865,"Absent","Present","<1000m2",3659.55,"marmots.only"
"413",40.434817,-105.629133,"Absent","Absent","1001-5000m2",3041.46,"both.spp.absent"
"414",40.108766,-105.597988,"Present","Present","1001-5000m2",3598.46,"both.spp.present"
"415",40.106576,-105.598316,"Present","Present","1001-5000m2",3677.84,"both.spp.present"
"416",40.43366,-105.74461,"Present","Present","5001-10,000m2",3511.1,"both.spp.present"
"417",39.36457,-106.21632,"Present","Present","1001-5000m2",3398.73,"both.spp.present"
"418",40.10349,-105.59712,"Present","Absent",">1 ha",3641.63,"pikas.only"
"419",39.16777,-106.47515,"Present","Present","5001-10,000m2",3446.76,"both.spp.present"
"421",39.85816,-105.69017,"Present","Absent",">5 ha",3779.12,"pikas.only"
"422",39.38655,-106.10546,"Present","Present",">1 ha",3585.69,"both.spp.present"
"424",39.73011,-105.84046,"Present","Absent","<1000m2",3924.2,"pikas.only"
"425",39.569,-105.65,"Present","no.data",">1 ha",3644.44,"pikas.only"
"426",39.72222,-105.89685,"Present","Present","1001-5000m2",3661.42,"both.spp.present"
"427",39.87968,-105.93666,"Present","Absent","<1000m2",3425.24,"pikas.only"
"428",40.47503,-105.65129,"Absent","Absent","<1000m2",3633.94,"both.spp.absent"
